Software Developer,£25000 - £38000 per annum + Competitive,Oscar Associates (UK) Limited,Permanent,Yesterday
Software Developer,£30000 - £45000 per annum + competitive benefits,Oscar Associates (UK) Limited,Permanent,Yesterday
Software Developer,Up to £45000 per annum + Competitive,Oscar Associates (UK) Limited,Permanent,Yesterday
Software Developer,|£90,000 per annum|,Avanti Recruitment Ltd,Permanent,Posted 2 days ago
Software Developer,£30000.00 - £50000 per annum + + bonus and benefits,Understanding Recruitment Ltd,Permanent,Posted 2 days ago

Software Developer - Retail Systems/Apps - Southampton - £35k,£25000 - £35000 per annum + training and benefits,Spectrum IT Recruitment (South) Ltd,Permanent,Posted 2 days ago
Software Developer,£55000 - £65000 per annum,Agile Recruitment Ltd,Permanent,Posted 2 days ago
|Software Developer - Lakeside, Cosham - React/ Typescript|,£30000 - £40000 per annum,Spectrum IT Recruitment (South) Ltd,Permanent,Posted 2 days ago
Software Developer,£55000 - £65000 per annum,Amber Resourcing Limited,Permanent,Recently
Software Developer,|£60,000|,Ashdown Group Limited,Permanent,Posted 2 days ago
Software Developer,|£30000 - £45000 per annum + bonus, flexible hours|,Oscar Associates (UK) Limited,Permanent,Posted 2 days ago
Software Developer,£30000 - £45000 per annum + Flexible Working Hours,Oscar Associates (UK) Limited,Permanent,Posted 2 days ago
Software Developer,£40000 - £50000 per annum,Hewett Recruitment,Permanent,Posted 2 days ago
Software Developer,|From £30,000 to £55,000 per annum|,Stratospherec,Permanent,Posted 2 days ago
|Software Developer - Up to GBP 60,000 DOE - Oxford|,£30000 - £60000 per annum + benefits,In Technology Group Limited,Permanent,Posted 2 days ago

Software Developer,Negotiable,Capita Internal Resourcing (CIR),Permanent,Posted 2 days ago
Software Developer,|£60,000 per annum|,Avanti Recruitment Ltd,Permanent,Posted 2 days ago
Software Developer,£35000.00 - £50000.00 per annum,TALENT INTERNATIONAL UK LTD,Permanent,Recently
